wall_ms,event,source,seq,t_ns,staleness_ms,gap_from_prev,ws_state,run_tag,last,count,note
1774319268602,run_start,,,,,,-1,run_2026-03-24T02-27-48-601Z,,,ws://localhost:8080/
1774319268602,ws_connect_attempt,,,,,,0,run_2026-03-24T02-27-48-601Z,,,ws://localhost:8080/
1774319268915,ws_open,,,,,,1,run_2026-03-24T02-27-48-601Z,,,
1774319268917,telemetry,live,364,1774319265052993000,3864.007080078125,0,1,delay_r50_rep3,,,
1774319269016,telemetry,live,367,1774319265073043000,3942.95703125,3,1,delay_r50_rep3,,,
1774319269114,telemetry,live,372,1774319265092975600,4021.0244140625,5,1,delay_r50_rep3,,,
1774319269212,telemetry,live,372,1774319265112821000,4099.178955078125,0,1,delay_r50_rep3,,,
1774319269311,telemetry,live,377,1774319265133032400,4177.967529296875,5,1,delay_r50_rep3,,,
1774319269409,telemetry,live,380,1774319265152831200,4256.168701171875,3,1,delay_r50_rep3,,,
1774319269508,telemetry,live,388,1774319265173021000,4334.97900390625,8,1,delay_r50_rep3,,,
1774319269606,telemetry,live,388,1774319265192871000,4413.129150390625,0,1,delay_r50_rep3,,,
1774319269705,telemetry,live,396,1774319265213004300,4491.99560546875,8,1,delay_r50_rep3,,,
1774319269803,telemetry,live,400,1774319265233085400,4569.91455078125,4,1,delay_r50_rep3,,,
1774319269901,telemetry,live,403,1774319265252856000,4648.14404296875,3,1,delay_r50_rep3,,,
1774319270000,telemetry,live,407,1774319265272724200,4727.27587890625,4,1,delay_r50_rep3,,,
1774319270098,telemetry,live,412,1774319265292892700,4805.107421875,5,1,delay_r50_rep3,,,
1774319270197,telemetry,live,415,1774319265312818000,4884.18212890625,3,1,delay_r50_rep3,,,
1774319270295,telemetry,live,418,1774319265332920000,4962.079833984375,3,1,delay_r50_rep3,,,
1774319270394,telemetry,live,423,1774319265352756500,5041.243408203125,5,1,delay_r50_rep3,,,
1774319270492,telemetry,live,426,1774319265372954000,5119.0458984375,3,1,delay_r50_rep3,,,
1774319270590,telemetry,live,431,1774319265392932000,5197.06787109375,5,1,delay_r50_rep3,,,
1774319270689,telemetry,live,434,1774319265412971300,5276.02880859375,3,1,delay_r50_rep3,,,
1774319270788,telemetry,live,437,1774319265432842200,5355.15771484375,3,1,delay_r50_rep3,,,
1774319270886,telemetry,live,444,1774319265453095700,5432.904296875,7,1,delay_r50_rep3,,,
1774319270984,telemetry,live,447,1774319265472808000,5511.192138671875,3,1,delay_r50_rep3,,,
1774319271084,telemetry,live,449,1774319265492913700,5591.08642578125,2,1,delay_r50_rep3,,,
1774319271182,telemetry,live,454,1774319265512933600,5669.06640625,5,1,delay_r50_rep3,,,
1774319271281,telemetry,live,460,1774319265532811300,5748.188720703125,6,1,delay_r50_rep3,,,
1774319271379,telemetry,live,464,1774319265552775700,5826.224365234375,4,1,delay_r50_rep3,,,
1774319271478,telemetry,live,468,1774319265573509000,5904.490966796875,4,1,delay_r50_rep3,,,
1774319271577,telemetry,live,469,1774319265592984000,5984.015869140625,1,1,delay_r50_rep3,,,
1774319271674,telemetry,live,476,1774319265613568300,6060.431640625,7,1,delay_r50_rep3,,,
1774319271773,telemetry,live,479,1774319265633226200,6139.773681640625,3,1,delay_r50_rep3,,,
1774319271872,telemetry,live,482,1774319265653410800,6218.589111328125,3,1,delay_r50_rep3,,,
1774319271971,telemetry,live,488,1774319265673765400,6297.234619140625,6,1,delay_r50_rep3,,,
1774319272069,telemetry,live,492,1774319265693197800,6375.80224609375,4,1,delay_r50_rep3,,,
1774319272168,telemetry,live,496,1774319265713027600,6454.972412109375,4,1,delay_r50_rep3,,,
1774319272267,telemetry,live,497,1774319265732951000,6534.049072265625,1,1,delay_r50_rep3,,,
1774319272366,telemetry,live,502,1774319265753041400,6612.95849609375,5,1,delay_r50_rep3,,,
1774319272464,telemetry,live,507,1774319265773032200,6690.9677734375,5,1,delay_r50_rep3,,,
1774319272562,telemetry,live,510,1774319265793103400,6768.896728515625,3,1,delay_r50_rep3,,,
1774319272661,telemetry,live,516,1774319265812910000,6848.08984375,6,1,delay_r50_rep3,,,
1774319272761,telemetry,live,520,1774319265832983000,6928.016845703125,4,1,delay_r50_rep3,,,
1774319272860,telemetry,live,524,1774319265852887600,7007.112548828125,4,1,delay_r50_rep3,,,
1774319272960,telemetry,live,528,1774319265872859100,7087.140869140625,4,1,delay_r50_rep3,,,
1774319273059,telemetry,live,528,1774319265892853200,7166.146728515625,0,1,delay_r50_rep3,,,
1774319273159,telemetry,live,536,1774319265913010400,7245.989501953125,8,1,delay_r50_rep3,,,
1774319273258,telemetry,live,539,1774319265932963300,7325.03662109375,3,1,delay_r50_rep3,,,
1774319273358,telemetry,live,541,1774319265952921300,7405.07861328125,2,1,delay_r50_rep3,,,
1774319273457,telemetry,live,547,1774319265972876500,7484.12353515625,6,1,delay_r50_rep3,,,
1774319273557,telemetry,live,549,1774319265992898800,7564.10107421875,2,1,delay_r50_rep3,,,
1774319273657,telemetry,live,555,1774319266012973800,7644.026123046875,6,1,delay_r50_rep3,,,
1774319273756,telemetry,live,559,1774319266033209300,7722.790771484375,4,1,delay_r50_rep3,,,
1774319273855,telemetry,live,563,1774319266053025500,7801.974365234375,4,1,delay_r50_rep3,,,
1774319273955,telemetry,live,565,1774319266072927200,7882.07275390625,2,1,delay_r50_rep3,,,
1774319274054,telemetry,live,572,1774319266092760300,7961.23974609375,7,1,delay_r50_rep3,,,
1774319274152,telemetry,live,576,1774319266113116000,8038.884033203125,4,1,delay_r50_rep3,,,
1774319274252,telemetry,live,579,1774319266132943000,8119.056884765625,3,1,delay_r50_rep3,,,
1774319274351,telemetry,live,583,1774319266152868000,8198.1318359375,4,1,delay_r50_rep3,,,
1774319274450,telemetry,live,588,1774319266172966400,8277.03369140625,5,1,delay_r50_rep3,,,
1774319274550,telemetry,live,590,1774319266192744000,8357.256103515625,2,1,delay_r50_rep3,,,
1774319274650,telemetry,live,595,1774319266212683300,8437.316650390625,5,1,delay_r50_rep3,,,
1774319274749,telemetry,live,599,1774319266232796700,8516.203369140625,4,1,delay_r50_rep3,,,
1774319274849,telemetry,live,600,1774319266252894500,8596.10546875,1,1,delay_r50_rep3,,,
1774319274949,telemetry,live,606,1774319266272961300,8676.038818359375,6,1,delay_r50_rep3,,,
1774319275048,telemetry,live,609,1774319266293000200,8754.999755859375,3,1,delay_r50_rep3,,,
1774319275147,telemetry,live,614,1774319266312855800,8834.144287109375,5,1,delay_r50_rep3,,,
1774319275246,telemetry,live,619,1774319266332755000,8913.2451171875,5,1,delay_r50_rep3,,,
1774319275346,telemetry,live,623,1774319266353117000,8992.883056640625,4,1,delay_r50_rep3,,,
1774319275444,telemetry,live,628,1774319266372790500,9071.20947265625,5,1,delay_r50_rep3,,,
1774319275542,telemetry,live,632,1774319266392799000,9149.200927734375,4,1,delay_r50_rep3,,,
1774319275641,telemetry,live,636,1774319266412814300,9228.185546875,4,1,delay_r50_rep3,,,
1774319275739,telemetry,live,637,1774319266432787700,9306.21240234375,1,1,delay_r50_rep3,,,
1774319275838,telemetry,live,643,1774319266453075200,9384.9248046875,6,1,delay_r50_rep3,,,
1774319275936,telemetry,live,647,1774319266473065500,9462.9345703125,4,1,delay_r50_rep3,,,
1774319276035,telemetry,live,651,1774319266492966700,9542.033447265625,4,1,delay_r50_rep3,,,
1774319276133,telemetry,live,656,1774319266513003300,9619.996826171875,5,1,delay_r50_rep3,,,
1774319276232,telemetry,live,656,1774319266532917200,9699.082763671875,0,1,delay_r50_rep3,,,
1774319276330,telemetry,live,664,1774319266553018000,9776.98193359375,8,1,delay_r50_rep3,,,
1774319276428,telemetry,live,665,1774319266572854300,9855.145751953125,1,1,delay_r50_rep3,,,
1774319276527,telemetry,live,668,1774319266593000000,9934,3,1,delay_r50_rep3,,,
1774319276625,telemetry,live,675,1774319266613053700,10011.9462890625,7,1,delay_r50_rep3,,,
1774319276724,telemetry,live,678,1774319266633085200,10090.914794921875,3,1,delay_r50_rep3,,,
1774319276822,telemetry,live,682,1774319266652976600,10169.0234375,4,1,delay_r50_rep3,,,
1774319276921,telemetry,live,685,1774319266672916700,10248.083251953125,3,1,delay_r50_rep3,,,
1774319277019,telemetry,live,689,1774319266692813300,10326.186767578125,4,1,delay_r50_rep3,,,
1774319277118,telemetry,live,694,1774319266713188000,10404.81201171875,5,1,delay_r50_rep3,,,
1774319277216,telemetry,live,699,1774319266732916200,10483.083740234375,5,1,delay_r50_rep3,,,
1774319277315,telemetry,live,704,1774319266753649400,10561.3505859375,5,1,delay_r50_rep3,,,
1774319277413,telemetry,live,704,1774319266772903200,10640.096923828125,0,1,delay_r50_rep3,,,
1774319277512,telemetry,live,712,1774319266793087700,10718.912353515625,8,1,delay_r50_rep3,,,
1774319277610,telemetry,live,713,1774319266813071000,10796.928955078125,1,1,delay_r50_rep3,,,
1774319277708,telemetry,live,720,1774319266833274400,10874.7255859375,7,1,delay_r50_rep3,,,
1774319277807,telemetry,live,724,1774319266852913400,10954.086669921875,4,1,delay_r50_rep3,,,
1774319277905,telemetry,live,727,1774319266872935400,11032.064697265625,3,1,delay_r50_rep3,,,
1774319278004,telemetry,live,730,1774319266892774000,11111.22607421875,3,1,delay_r50_rep3,,,
1774319278103,telemetry,live,735,1774319266912985600,11190.014404296875,5,1,delay_r50_rep3,,,
1774319278202,telemetry,live,737,1774319266933106200,11268.893798828125,2,1,delay_r50_rep3,,,
1774319278300,telemetry,live,744,1774319266953118500,11346.881591796875,7,1,delay_r50_rep3,,,
1774319278399,telemetry,live,747,1774319266972969500,11426.030517578125,3,1,delay_r50_rep3,,,
1774319278497,telemetry,live,752,1774319266993248500,11503.75146484375,5,1,delay_r50_rep3,,,
1774319278596,telemetry,live,754,1774319267013118700,11582.88134765625,2,1,delay_r50_rep3,,,
1774319278695,telemetry,live,760,1774319267033231600,11661.768310546875,6,1,delay_r50_rep3,,,
1774319278794,telemetry,live,760,1774319267053225000,11740.775146484375,0,1,delay_r50_rep3,,,
1774319278892,telemetry,live,768,1774319267072797400,11819.20263671875,8,1,delay_r50_rep3,,,
1774319278991,telemetry,live,771,1774319267092831000,11898.1689453125,3,1,delay_r50_rep3,,,
1774319279090,telemetry,live,776,1774319267113084700,11976.915283203125,5,1,delay_r50_rep3,,,
1774319279188,telemetry,live,779,1774319267133077000,12054.923095703125,3,1,delay_r50_rep3,,,
1774319279288,telemetry,live,784,1774319267152875800,12135.124267578125,5,1,delay_r50_rep3,,,
1774319279386,telemetry,live,787,1774319267172973000,12213.02685546875,3,1,delay_r50_rep3,,,
1774319279486,telemetry,live,790,1774319267192957400,12293.04248046875,3,1,delay_r50_rep3,,,
1774319279585,telemetry,live,796,1774319267213042700,12371.957275390625,6,1,delay_r50_rep3,,,
1774319279683,telemetry,live,799,1774319267232859000,12450.14111328125,3,1,delay_r50_rep3,,,
1774319279782,telemetry,live,801,1774319267252864800,12529.13525390625,2,1,delay_r50_rep3,,,
1774319279880,telemetry,live,805,1774319267272881000,12607.119140625,4,1,delay_r50_rep3,,,
1774319279978,telemetry,live,812,1774319267293566000,12684.43408203125,7,1,delay_r50_rep3,,,
1774319280078,telemetry,live,816,1774319267313232400,12764.767578125,4,1,delay_r50_rep3,,,
1774319280176,telemetry,live,819,1774319267332850000,12843.150146484375,3,1,delay_r50_rep3,,,
1774319280274,telemetry,live,821,1774319267352746000,12921.25390625,2,1,delay_r50_rep3,,,
1774319280373,telemetry,live,825,1774319267372899300,13000.1005859375,4,1,delay_r50_rep3,,,
1774319280471,telemetry,live,829,1774319267392863000,13078.136962890625,4,1,delay_r50_rep3,,,
1774319280570,telemetry,live,836,1774319267412900600,13157.099365234375,7,1,delay_r50_rep3,,,
1774319280668,telemetry,live,839,1774319267432881700,13235.118408203125,3,1,delay_r50_rep3,,,
1774319280766,telemetry,live,843,1774319267453028600,13312.971435546875,4,1,delay_r50_rep3,,,
1774319280865,telemetry,live,846,1774319267472942600,13392.057373046875,3,1,delay_r50_rep3,,,
1774319280964,telemetry,live,851,1774319267492994300,13471.005615234375,5,1,delay_r50_rep3,,,
1774319281062,telemetry,live,854,1774319267512941000,13549.058837890625,3,1,delay_r50_rep3,,,
1774319281161,telemetry,live,860,1774319267533122000,13627.8779296875,6,1,delay_r50_rep3,,,
1774319281260,telemetry,live,862,1774319267552876000,13707.1240234375,2,1,delay_r50_rep3,,,
1774319281358,telemetry,live,865,1774319267572953900,13785.046142578125,3,1,delay_r50_rep3,,,
1774319281456,telemetry,live,872,1774319267593052400,13862.947509765625,7,1,delay_r50_rep3,,,
1774319281556,telemetry,live,874,1774319267613008000,13942.9921875,2,1,delay_r50_rep3,,,
1774319281654,telemetry,live,880,1774319267633033500,14020.966552734375,6,1,delay_r50_rep3,,,
1774319281752,telemetry,live,880,1774319267652903000,14099.09716796875,0,1,delay_r50_rep3,,,
1774319281852,telemetry,live,888,1774319267673004300,14178.99560546875,8,1,delay_r50_rep3,,,
1774319281949,telemetry,live,888,1774319267692874200,14256.125732421875,0,1,delay_r50_rep3,,,
1774319282049,telemetry,live,894,1774319267712813800,14336.186279296875,6,1,delay_r50_rep3,,,
1774319282148,telemetry,live,900,1774319267732743700,14415.25634765625,6,1,delay_r50_rep3,,,
1774319282247,telemetry,live,904,1774319267752821000,14494.178955078125,4,1,delay_r50_rep3,,,
1774319282345,telemetry,live,904,1774319267773030000,14571.97021484375,0,1,delay_r50_rep3,,,
1774319282444,telemetry,live,912,1774319267792751900,14651.248046875,8,1,delay_r50_rep3,,,
1774319282543,telemetry,live,912,1774319267812712000,14730.2880859375,0,1,delay_r50_rep3,,,
1774319282642,telemetry,live,920,1774319267832854800,14809.145263671875,8,1,delay_r50_rep3,,,
1774319282740,telemetry,live,924,1774319267852924700,14887.075439453125,4,1,delay_r50_rep3,,,
1774319282838,telemetry,live,927,1774319267872968400,14965.031494140625,3,1,delay_r50_rep3,,,
1774319282937,telemetry,live,932,1774319267893469000,15043.531005859375,5,1,delay_r50_rep3,,,
1774319283035,telemetry,live,936,1774319267913004300,15121.99560546875,4,1,delay_r50_rep3,,,
1774319283134,telemetry,live,940,1774319267933036500,15200.96337890625,4,1,delay_r50_rep3,,,
1774319283233,telemetry,live,944,1774319267954116600,15278.88330078125,4,1,delay_r50_rep3,,,
1774319283331,telemetry,live,947,1774319267972944000,15358.05615234375,3,1,delay_r50_rep3,,,
1774319283429,telemetry,live,952,1774319267993181000,15435.819091796875,5,1,delay_r50_rep3,,,
1774319283527,telemetry,live,955,1774319268013137000,15513.863037109375,3,1,delay_r50_rep3,,,
1774319283626,telemetry,live,960,1774319268032711200,15593.288818359375,5,1,delay_r50_rep3,,,
1774319283725,telemetry,live,962,1774319268052811800,15672.188232421875,2,1,delay_r50_rep3,,,
1774319283823,telemetry,live,968,1774319268073017600,15749.982421875,6,1,delay_r50_rep3,,,
1774319283922,telemetry,live,972,1774319268093030400,15828.969482421875,4,1,delay_r50_rep3,,,
1774319284020,telemetry,live,976,1774319268113122300,15906.877685546875,4,1,delay_r50_rep3,,,
1774319284119,telemetry,live,978,1774319268133004000,15985.995849609375,2,1,delay_r50_rep3,,,
1774319284217,telemetry,live,981,1774319268153155800,16063.84423828125,3,1,delay_r50_rep3,,,
1774319284316,telemetry,live,988,1774319268172788500,16143.21142578125,7,1,delay_r50_rep3,,,
1774319284415,telemetry,live,989,1774319268192912000,16222.088134765625,1,1,delay_r50_rep3,,,
1774319284513,telemetry,live,996,1774319268213040600,16299.95947265625,7,1,delay_r50_rep3,,,
1774319284612,telemetry,live,999,1774319268233367800,16378.632080078125,3,1,delay_r50_rep3,,,
1774319284711,telemetry,live,1004,1774319268252925200,16458.07470703125,5,1,delay_r50_rep3,,,
1774319284809,telemetry,live,1005,1774319268272833800,16536.166259765625,1,1,delay_r50_rep3,,,
1774319284908,telemetry,live,1012,1774319268292903400,16615.0966796875,7,1,delay_r50_rep3,,,
1774319285007,telemetry,live,1015,1774319268312811800,16694.188232421875,3,1,delay_r50_rep3,,,
1774319285106,telemetry,live,1018,1774319268332959700,16773.040283203125,3,1,delay_r50_rep3,,,
1774319285204,telemetry,live,1023,1774319268353354800,16850.645263671875,5,1,delay_r50_rep3,,,
1774319285303,telemetry,live,1027,1774319268373050400,16929.94970703125,4,1,delay_r50_rep3,,,
1774319285402,telemetry,live,1030,1774319268393134800,17008.865234375,3,1,delay_r50_rep3,,,
1774319285500,telemetry,live,1035,1774319268413358300,17086.6416015625,5,1,delay_r50_rep3,,,
1774319285600,telemetry,live,1040,1774319268432946700,17167.05322265625,5,1,delay_r50_rep3,,,
1774319285699,telemetry,live,1043,1774319268452912600,17246.08740234375,3,1,delay_r50_rep3,,,
1774319285799,telemetry,live,1044,1774319268472953900,17326.046142578125,1,1,delay_r50_rep3,,,
1774319285898,telemetry,live,1051,1774319268493112300,17404.8876953125,7,1,delay_r50_rep3,,,
1774319285998,telemetry,live,1054,1774319268513239300,17484.7607421875,3,1,delay_r50_rep3,,,
1774319286097,telemetry,live,1059,1774319268533033700,17563.96630859375,5,1,delay_r50_rep3,,,
1774319286197,telemetry,live,1062,1774319268552978400,17644.021484375,3,1,delay_r50_rep3,,,
1774319286296,telemetry,live,1064,1774319268572876300,17723.123779296875,2,1,delay_r50_rep3,,,
1774319286396,telemetry,live,1071,1774319268592921600,17803.078369140625,7,1,delay_r50_rep3,,,
1774319286495,telemetry,live,1073,1774319268612853000,17882.14697265625,2,1,delay_r50_rep3,,,
1774319286595,telemetry,live,1079,1774319268632825900,17962.174072265625,6,1,delay_r50_rep3,,,
1774319286694,telemetry,live,1082,1774319268653030000,18040.97021484375,3,1,delay_r50_rep3,,,
1774319286793,telemetry,live,1085,1774319268673182500,18119.817626953125,3,1,delay_r50_rep3,,,
1774319286893,telemetry,live,1090,1774319268693256200,18199.743896484375,5,1,delay_r50_rep3,,,
1774319286993,telemetry,live,1096,1774319268713209900,18279.7900390625,6,1,delay_r50_rep3,,,
1774319287092,telemetry,live,1100,1774319268733106400,18358.8935546875,4,1,delay_r50_rep3,,,
1774319287192,telemetry,live,1102,1774319268753205800,18438.794189453125,2,1,delay_r50_rep3,,,
1774319287291,telemetry,live,1108,1774319268773059300,18517.940673828125,6,1,delay_r50_rep3,,,
1774319287391,telemetry,live,1111,1774319268793299200,18597.70068359375,3,1,delay_r50_rep3,,,
1774319287489,telemetry,live,1114,1774319268812948200,18676.0517578125,3,1,delay_r50_rep3,,,
1774319287590,telemetry,live,1119,1774319268833239600,18755.760498046875,5,1,delay_r50_rep3,,,
1774319287689,telemetry,live,1124,1774319268853421600,18835.578369140625,5,1,delay_r50_rep3,,,
1774319287788,telemetry,live,1126,1774319268873360000,18914.64013671875,2,1,delay_r50_rep3,,,
1774319287888,telemetry,live,1132,1774319268893479000,18994.52099609375,6,1,delay_r50_rep3,,,
1774319287987,telemetry,live,1134,1774319268913262000,19073.738037109375,2,1,delay_r50_rep3,,,
1774319288087,telemetry,live,1139,1774319268933041700,19153.958251953125,5,1,delay_r50_rep3,,,
1774319288186,telemetry,live,1142,1774319268953206500,19232.79345703125,3,1,delay_r50_rep3,,,
1774319288285,telemetry,live,1147,1774319268973195000,19311.804931640625,5,1,delay_r50_rep3,,,
1774319288384,telemetry,live,1148,1774319268993127000,19390.873046875,1,1,delay_r50_rep3,,,
1774319288484,telemetry,live,1156,1774319269013150200,19470.849853515625,8,1,delay_r50_rep3,,,
1774319288583,telemetry,live,1156,1774319269033126700,19549.873291015625,0,1,delay_r50_rep3,,,
1774319288683,telemetry,live,1164,1774319269053175300,19629.82470703125,8,1,delay_r50_rep3,,,
1774319288783,telemetry,live,1166,1774319269073002200,19709.997802734375,2,1,delay_r50_rep3,,,
1774319288882,telemetry,live,1169,1774319269092478500,19789.521484375,3,1,delay_r50_rep3,,,
1774319288982,telemetry,live,1174,1774319269113126100,19868.873779296875,5,1,delay_r50_rep3,,,
1774319289081,telemetry,live,1178,1774319269132357400,19948.642578125,4,1,delay_r50_rep3,,,
1774319289181,telemetry,live,1183,1774319269153371100,20027.62890625,5,1,delay_r50_rep3,,,
1774319289280,telemetry,live,1184,1774319269173010200,20106.98974609375,1,1,delay_r50_rep3,,,
1774319289380,telemetry,live,1189,1774319269192964400,20187.03564453125,5,1,delay_r50_rep3,,,
1774319289479,telemetry,live,1195,1774319269212905500,20266.094482421875,6,1,delay_r50_rep3,,,
1774319289578,telemetry,live,1199,1774319269233104400,20344.8955078125,4,1,delay_r50_rep3,,,
1774319289677,telemetry,live,1203,1774319269252892400,20424.107666015625,4,1,delay_r50_rep3,,,
1774319289777,telemetry,live,1208,1774319269272985000,20504.014892578125,5,1,delay_r50_rep3,,,
1774319289876,telemetry,live,1208,1774319269292573200,20583.4267578125,0,1,delay_r50_rep3,,,
1774319289978,telemetry,live,1214,1774319269313035500,20664.964599609375,6,1,delay_r50_rep3,,,
1774319290079,telemetry,live,1218,1774319269333026000,20745.973876953125,4,1,delay_r50_rep3,,,
1774319290178,telemetry,live,1220,1774319269353356500,20824.6435546875,2,1,delay_r50_rep3,,,
1774319290277,telemetry,live,1225,1774319269372930300,20904.069580078125,5,1,delay_r50_rep3,,,
1774319290377,telemetry,live,1232,1774319269392935000,20984.065185546875,7,1,delay_r50_rep3,,,
1774319290476,telemetry,live,1234,1774319269413273300,21062.7265625,2,1,delay_r50_rep3,,,
1774319290575,telemetry,live,1240,1774319269433258200,21141.74169921875,6,1,delay_r50_rep3,,,
1774319290674,telemetry,live,1243,1774319269452842000,21221.157958984375,3,1,delay_r50_rep3,,,
1774319290772,telemetry,live,1247,1774319269473190100,21298.809814453125,4,1,delay_r50_rep3,,,
1774319290871,telemetry,live,1250,1774319269492965600,21378.034423828125,3,1,delay_r50_rep3,,,
1774319290970,telemetry,live,1256,1774319269513234000,21456.76611328125,6,1,delay_r50_rep3,,,
1774319291069,telemetry,live,1258,1774319269533173000,21535.826904296875,2,1,delay_r50_rep3,,,
1774319291168,telemetry,live,1263,1774319269553015300,21614.984619140625,5,1,delay_r50_rep3,,,
1774319291266,telemetry,live,1268,1774319269573628200,21692.371826171875,5,1,delay_r50_rep3,,,
1774319291365,telemetry,live,1268,1774319269593016000,21771.98388671875,0,1,delay_r50_rep3,,,
1774319291463,telemetry,live,1274,1774319269612918500,21850.08154296875,6,1,delay_r50_rep3,,,
1774319291562,telemetry,live,1279,1774319269633068300,21928.931640625,5,1,delay_r50_rep3,,,
1774319291660,telemetry,live,1284,1774319269652972800,22007.027099609375,5,1,delay_r50_rep3,,,
1774319291758,telemetry,live,1288,1774319269672902100,22085.097900390625,4,1,delay_r50_rep3,,,
1774319291857,telemetry,live,1288,1774319269692957400,22164.04248046875,0,1,delay_r50_rep3,,,
1774319291955,telemetry,live,1294,1774319269712984000,22242.015869140625,6,1,delay_r50_rep3,,,
1774319292054,telemetry,live,1298,1774319269733070300,22320.9296875,4,1,delay_r50_rep3,,,
1774319292152,telemetry,live,1303,1774319269752981500,22399.0185546875,5,1,delay_r50_rep3,,,
1774319292251,telemetry,live,1306,1774319269773026800,22477.97314453125,3,1,delay_r50_rep3,,,
1774319292350,telemetry,live,1310,1774319269792834000,22557.166015625,4,1,delay_r50_rep3,,,
1774319292448,telemetry,live,1314,1774319269812808700,22635.19140625,4,1,delay_r50_rep3,,,
1774319292547,telemetry,live,1318,1774319269833029400,22713.970703125,4,1,delay_r50_rep3,,,
1774319292645,telemetry,live,1323,1774319269852926000,22792.073974609375,5,1,delay_r50_rep3,,,
1774319292744,telemetry,live,1326,1774319269874594000,22869.406005859375,3,1,delay_r50_rep3,,,
1774319292843,telemetry,live,1331,1774319269892928800,22950.0712890625,5,1,delay_r50_rep3,,,
1774319292941,telemetry,live,1336,1774319269913154300,23027.845703125,5,1,delay_r50_rep3,,,
1774319293040,telemetry,live,1340,1774319269933337600,23106.662353515625,4,1,delay_r50_rep3,,,
1774319293138,telemetry,live,1340,1774319269953065200,23184.934814453125,0,1,delay_r50_rep3,,,
1774319293237,telemetry,live,1348,1774319269973039600,23263.96044921875,8,1,delay_r50_rep3,,,
1774319293335,telemetry,live,1352,1774319269992880000,23342.119873046875,4,1,delay_r50_rep3,,,
1774319293434,telemetry,live,1354,1774319270013007400,23420.99267578125,2,1,delay_r50_rep3,,,
1774319293533,telemetry,live,1360,1774319270033504000,23499.49609375,6,1,delay_r50_rep3,,,
1774319293631,telemetry,live,1363,1774319270052865300,23578.134765625,3,1,delay_r50_rep3,,,
1774319293730,telemetry,live,1365,1774319270072845000,23657.155029296875,2,1,delay_r50_rep3,,,
1774319293829,telemetry,live,1372,1774319270093224000,23735.776123046875,7,1,delay_r50_rep3,,,
1774319293928,telemetry,live,1373,1774319270113006800,23814.9931640625,1,1,delay_r50_rep3,,,
1774319294027,telemetry,live,1377,1774319270132802800,23894.197265625,4,1,delay_r50_rep3,,,
1774319294125,telemetry,live,1383,1774319270152931000,23972.06884765625,6,1,delay_r50_rep3,,,
1774319294223,telemetry,live,1384,1774319270172988200,24050.01171875,1,1,delay_r50_rep3,,,
1774319294321,telemetry,live,1392,1774319270192943400,24128.056640625,8,1,delay_r50_rep3,,,
1774319294420,telemetry,live,1396,1774319270213244700,24206.75537109375,4,1,delay_r50_rep3,,,
1774319294518,telemetry,live,1397,1774319270233374700,24284.625244140625,1,1,delay_r50_rep3,,,
1774319294616,telemetry,live,1402,1774319270253132800,24362.8671875,5,1,delay_r50_rep3,,,
1774319294714,telemetry,live,1407,1774319270272924400,24441.07568359375,5,1,delay_r50_rep3,,,
1774319294813,telemetry,live,1412,1774319270293076000,24519.924072265625,5,1,delay_r50_rep3,,,
1774319294912,telemetry,live,1414,1774319270312878600,24599.121337890625,2,1,delay_r50_rep3,,,
1774319295011,telemetry,live,1420,1774319270333193200,24677.806884765625,6,1,delay_r50_rep3,,,
1774319295109,telemetry,live,1423,1774319270353112600,24755.887451171875,3,1,delay_r50_rep3,,,
1774319295207,telemetry,live,1426,1774319270373038000,24833.9619140625,3,1,delay_r50_rep3,,,
1774319295306,telemetry,live,1429,1774319270392894700,24913.105224609375,3,1,delay_r50_rep3,,,
1774319295404,telemetry,live,1435,1774319270413195500,24990.804443359375,6,1,delay_r50_rep3,,,
1774319295503,telemetry,live,1440,1774319270433340200,25069.659912109375,5,1,delay_r50_rep3,,,
1774319295601,telemetry,live,1443,1774319270453057500,25147.9423828125,3,1,delay_r50_rep3,,,
1774319295699,telemetry,live,1446,1774319270472992300,25226.0078125,3,1,delay_r50_rep3,,,
1774319295798,telemetry,live,1450,1774319270492749800,25305.250244140625,4,1,delay_r50_rep3,,,
1774319295896,telemetry,live,1454,1774319270513144000,25382.85595703125,4,1,delay_r50_rep3,,,
1774319295995,telemetry,live,1460,1774319270533205500,25461.79443359375,6,1,delay_r50_rep3,,,
1774319296094,telemetry,live,1463,1774319270553009700,25540.990234375,3,1,delay_r50_rep3,,,
1774319296192,telemetry,live,1467,1774319270573177600,25618.822509765625,4,1,delay_r50_rep3,,,
1774319296291,telemetry,live,1468,1774319270593213700,25697.786376953125,1,1,delay_r50_rep3,,,
1774319296390,telemetry,live,1475,1774319270613252900,25776.7470703125,7,1,delay_r50_rep3,,,
1774319296489,telemetry,live,1479,1774319270633146600,25855.853271484375,4,1,delay_r50_rep3,,,
1774319296587,telemetry,live,1481,1774319270652921000,25934.078857421875,2,1,delay_r50_rep3,,,
1774319296685,telemetry,live,1487,1774319270673191700,26011.808349609375,6,1,delay_r50_rep3,,,
1774319296784,telemetry,live,1491,1774319270692910300,26091.089599609375,4,1,delay_r50_rep3,,,
1774319296883,telemetry,live,1493,1774319270713040400,26169.959716796875,2,1,delay_r50_rep3,,,
1774319296982,telemetry,live,1500,1774319270732976600,26249.0234375,7,1,delay_r50_rep3,,,
1774319297080,telemetry,live,1502,1774319270752855300,26327.144775390625,2,1,delay_r50_rep3,,,
1774319297178,telemetry,live,1508,1774319270773030100,26404.969970703125,6,1,delay_r50_rep3,,,
1774319297277,telemetry,live,1510,1774319270792932600,26484.0673828125,2,1,delay_r50_rep3,,,
1774319297376,telemetry,live,1514,1774319270813256400,26562.74365234375,4,1,delay_r50_rep3,,,
1774319297475,telemetry,live,1520,1774319270832960000,26642.0400390625,6,1,delay_r50_rep3,,,
1774319297573,telemetry,live,1523,1774319270853054000,26719.946044921875,3,1,delay_r50_rep3,,,
1774319297672,telemetry,live,1524,1774319270872990000,26799.010009765625,1,1,delay_r50_rep3,,,
1774319297770,telemetry,live,1531,1774319270892957200,26877.042724609375,7,1,delay_r50_rep3,,,
1774319297868,telemetry,live,1535,1774319270912929300,26955.07080078125,4,1,delay_r50_rep3,,,
1774319297967,telemetry,live,1540,1774319270933071400,27032.9287109375,5,1,delay_r50_rep3,,,
1774319298065,telemetry,live,1542,1774319270952889600,27112.1103515625,2,1,delay_r50_rep3,,,
1774319298163,telemetry,live,1547,1774319270973108700,27189.891357421875,5,1,delay_r50_rep3,,,
1774319298262,telemetry,live,1551,1774319270992852000,27269.14794921875,4,1,delay_r50_rep3,,,
1774319298360,telemetry,live,1555,1774319271013202200,27346.7978515625,4,1,delay_r50_rep3,,,
1774319298459,telemetry,live,1559,1774319271033154600,27425.845458984375,4,1,delay_r50_rep3,,,
1774319298557,telemetry,live,1564,1774319271053164800,27503.835205078125,5,1,delay_r50_rep3,,,
1774319298656,telemetry,live,1567,1774319271073027000,27582.972900390625,3,1,delay_r50_rep3,,,
1774319298753,telemetry,live,1569,1774319271092929300,27660.07080078125,2,1,delay_r50_rep3,,,
1774319298852,telemetry,live,1576,1774319271113272000,27738.72802734375,7,1,delay_r50_rep3,,,
1774319298951,telemetry,live,1579,1774319271133019600,27817.98046875,3,1,delay_r50_rep3,,,
1774319299050,telemetry,live,1584,1774319271153452800,27896.547119140625,5,1,delay_r50_rep3,,,
1774319299148,telemetry,live,1588,1774319271172881000,27975.119140625,4,1,delay_r50_rep3,,,
1774319299246,telemetry,live,1592,1774319271192978200,28053.021728515625,4,1,delay_r50_rep3,,,
1774319299345,telemetry,live,1595,1774319271213196300,28131.8037109375,3,1,delay_r50_rep3,,,
1774319299444,telemetry,live,1596,1774319271232912100,28211.087890625,1,1,delay_r50_rep3,,,
1774319299542,telemetry,live,1604,1774319271252794400,28289.20556640625,8,1,delay_r50_rep3,,,
1774319299640,telemetry,live,1605,1774319271273001000,28366.9990234375,1,1,delay_r50_rep3,,,
1774319299739,telemetry,live,1612,1774319271293564700,28445.435302734375,7,1,delay_r50_rep3,,,
1774319299838,telemetry,live,1612,1774319271313030400,28524.969482421875,0,1,delay_r50_rep3,,,
1774319299937,telemetry,live,1616,1774319271333110300,28603.8896484375,4,1,delay_r50_rep3,,,
1774319300035,telemetry,live,1622,1774319271353073700,28681.92626953125,6,1,delay_r50_rep3,,,
1774319300134,telemetry,live,1626,1774319271373063400,28760.9365234375,4,1,delay_r50_rep3,,,
1774319300233,telemetry,live,1632,1774319271392804900,28840.195068359375,6,1,delay_r50_rep3,,,
1774319300331,telemetry,live,1633,1774319271412812800,28918.187255859375,1,1,delay_r50_rep3,,,
1774319300430,telemetry,live,1638,1774319271432977000,28997.023193359375,5,1,delay_r50_rep3,,,
1774319300529,telemetry,live,1643,1774319271452905700,29076.09423828125,5,1,delay_r50_rep3,,,
1774319300627,telemetry,live,1644,1774319271473058800,29153.941162109375,1,1,delay_r50_rep3,,,
1774319300726,telemetry,live,1651,1774319271492971300,29233.02880859375,7,1,delay_r50_rep3,,,
1774319300824,telemetry,live,1652,1774319271513078000,29310.921875,1,1,delay_r50_rep3,,,
1774319300923,telemetry,live,1660,1774319271533231900,29389.76806640625,8,1,delay_r50_rep3,,,
1774319301022,telemetry,live,1664,1774319271553040400,29468.959716796875,4,1,delay_r50_rep3,,,
1774319301120,telemetry,live,1664,1774319271573358800,29546.64111328125,0,1,delay_r50_rep3,,,
1774319301219,telemetry,live,1669,1774319271592831200,29626.168701171875,5,1,delay_r50_rep3,,,
1774319301317,telemetry,live,1672,1774319271613192700,29703.807373046875,3,1,delay_r50_rep3,,,
1774319301416,telemetry,live,1678,1774319271633096400,29782.903564453125,6,1,delay_r50_rep3,,,
1774319301514,telemetry,live,1682,1774319271652888000,29861.11181640625,4,1,delay_r50_rep3,,,
1774319301612,telemetry,live,1686,1774319271672823300,29939.1767578125,4,1,delay_r50_rep3,,,
1774319301711,telemetry,live,1691,1774319271692947200,30018.052734375,5,1,delay_r50_rep3,,,
1774319301810,telemetry,live,1694,1774319271713019100,30096.98095703125,3,1,delay_r50_rep3,,,
1774319301908,telemetry,live,1700,1774319271733245200,30174.7548828125,6,1,delay_r50_rep3,,,
1774319302006,telemetry,live,1703,1774319271752816400,30253.18359375,3,1,delay_r50_rep3,,,
1774319302105,telemetry,live,1705,1774319271772826000,30332.173828125,2,1,delay_r50_rep3,,,
1774319302203,telemetry,live,1711,1774319271792917000,30410.0830078125,6,1,delay_r50_rep3,,,
1774319302302,telemetry,live,1715,1774319271812970200,30489.02978515625,4,1,delay_r50_rep3,,,
1774319302400,telemetry,live,1720,1774319271832894500,30567.10546875,5,1,delay_r50_rep3,,,
1774319302499,telemetry,live,1723,1774319271852884000,30646.115966796875,3,1,delay_r50_rep3,,,
1774319302597,telemetry,live,1724,1774319271873022500,30723.9775390625,1,1,delay_r50_rep3,,,
1774319302695,telemetry,live,1732,1774319271893241600,30801.75830078125,8,1,delay_r50_rep3,,,
1774319302794,telemetry,live,1735,1774319271912845600,30881.154541015625,3,1,delay_r50_rep3,,,
1774319302892,telemetry,live,1739,1774319271932777500,30959.222412109375,4,1,delay_r50_rep3,,,
1774319302991,telemetry,live,1743,1774319271952751600,31038.248291015625,4,1,delay_r50_rep3,,,
1774319303089,telemetry,live,1746,1774319271973009200,31115.990966796875,3,1,delay_r50_rep3,,,
1774319303188,telemetry,live,1752,1774319271992962000,31195.037841796875,6,1,delay_r50_rep3,,,
1774319303287,telemetry,live,1756,1774319272013358300,31273.6416015625,4,1,delay_r50_rep3,,,
1774319303386,telemetry,live,1760,1774319272033395700,31352.604248046875,4,1,delay_r50_rep3,,,
1774319303484,telemetry,live,1764,1774319272053215200,31430.78466796875,4,1,delay_r50_rep3,,,
1774319303583,telemetry,live,1767,1774319272072939800,31510.060302734375,3,1,delay_r50_rep3,,,
1774319303681,telemetry,live,1771,1774319272092794000,31588.205810546875,4,1,delay_r50_rep3,,,
1774319303781,telemetry,live,1773,1774319272113080300,31667.919677734375,2,1,delay_r50_rep3,,,
1774319303878,telemetry,live,1780,1774319272133129000,31744.87109375,7,1,delay_r50_rep3,,,
1774319303977,telemetry,live,1784,1774319272152805400,31824.194580078125,4,1,delay_r50_rep3,,,
1774319304076,telemetry,live,1784,1774319272172882000,31903.1181640625,0,1,delay_r50_rep3,,,
1774319304174,telemetry,live,1792,1774319272192856600,31981.143310546875,8,1,delay_r50_rep3,,,
1774319304273,telemetry,live,1795,1774319272213110300,32059.8896484375,3,1,delay_r50_rep3,,,
1774319304371,telemetry,live,1799,1774319272233010700,32137.9892578125,4,1,delay_r50_rep3,,,
1774319304470,telemetry,live,1804,1774319272252850400,32217.149658203125,5,1,delay_r50_rep3,,,
1774319304568,telemetry,live,1807,1774319272272862500,32295.137451171875,3,1,delay_r50_rep3,,,
1774319304668,telemetry,live,1811,1774319272292822300,32375.177734375,4,1,delay_r50_rep3,,,
1774319304766,telemetry,live,1813,1774319272312868900,32453.131103515625,2,1,delay_r50_rep3,,,
1774319304866,telemetry,live,1819,1774319272333180200,32532.81982421875,6,1,delay_r50_rep3,,,
1774319304964,telemetry,live,1824,1774319272353307400,32610.692626953125,5,1,delay_r50_rep3,,,
1774319305063,telemetry,live,1827,1774319272373212400,32689.78759765625,3,1,delay_r50_rep3,,,
1774319305162,telemetry,live,1832,1774319272392814300,32769.185546875,5,1,delay_r50_rep3,,,
1774319305260,telemetry,live,1832,1774319272413159000,32846.841064453125,0,1,delay_r50_rep3,,,
1774319305359,telemetry,live,1838,1774319272432710100,32926.289794921875,6,1,delay_r50_rep3,,,
1774319305458,telemetry,live,1843,1774319272452967000,33005.033203125,5,1,delay_r50_rep3,,,
1774319305556,telemetry,live,1846,1774319272473058600,33082.94140625,3,1,delay_r50_rep3,,,
1774319305654,telemetry,live,1851,1774319272492882700,33161.117431640625,5,1,delay_r50_rep3,,,
1774319305753,telemetry,live,1856,1774319272512905200,33240.0947265625,5,1,delay_r50_rep3,,,
1774319305852,telemetry,live,1860,1774319272533176300,33318.82373046875,4,1,delay_r50_rep3,,,
1774319305950,telemetry,live,1862,1774319272553227300,33396.772705078125,2,1,delay_r50_rep3,,,
1774319306049,telemetry,live,1867,1774319272572777700,33476.22216796875,5,1,delay_r50_rep3,,,
1774319306147,telemetry,live,1871,1774319272592916500,33554.08349609375,4,1,delay_r50_rep3,,,
1774319306246,telemetry,live,1874,1774319272613583000,33632.4169921875,3,1,delay_r50_rep3,,,
1774319306345,telemetry,live,1879,1774319272633174000,33711.825927734375,5,1,delay_r50_rep3,,,
1774319306443,telemetry,live,1883,1774319272653405400,33789.594482421875,4,1,delay_r50_rep3,,,
1774319306542,telemetry,live,1886,1774319272673043500,33868.95654296875,3,1,delay_r50_rep3,,,
1774319306641,telemetry,live,1892,1774319272693000200,33947.999755859375,6,1,delay_r50_rep3,,,
1774319306739,telemetry,live,1896,1774319272713098800,34025.9013671875,4,1,delay_r50_rep3,,,
1774319306838,telemetry,live,1896,1774319272733236200,34104.763671875,0,1,delay_r50_rep3,,,
1774319306936,telemetry,live,1902,1774319272752808700,34183.19140625,6,1,delay_r50_rep3,,,
1774319307035,telemetry,live,1907,1774319272773096400,34261.903564453125,5,1,delay_r50_rep3,,,
1774319307134,telemetry,live,1911,1774319272792992500,34341.007568359375,4,1,delay_r50_rep3,,,
1774319307233,telemetry,live,1916,1774319272813037300,34419.962646484375,5,1,delay_r50_rep3,,,
1774319307332,telemetry,live,1916,1774319272833011200,34498.98876953125,0,1,delay_r50_rep3,,,
1774319307430,telemetry,live,1924,1774319272853034000,34576.966064453125,8,1,delay_r50_rep3,,,
1774319307529,telemetry,live,1926,1774319272872941600,34656.058349609375,2,1,delay_r50_rep3,,,
1774319307628,telemetry,live,1931,1774319272892836400,34735.16357421875,5,1,delay_r50_rep3,,,
1774319307726,telemetry,live,1934,1774319272912858400,34813.1416015625,3,1,delay_r50_rep3,,,
1774319307825,telemetry,live,1936,1774319272932927000,34892.072998046875,2,1,delay_r50_rep3,,,
1774319307923,telemetry,live,1942,1774319272952924200,34970.075927734375,6,1,delay_r50_rep3,,,
1774319308021,telemetry,live,1946,1774319272973028000,35047.971923828125,4,1,delay_r50_rep3,,,
1774319308120,telemetry,live,1951,1774319272993056300,35126.94384765625,5,1,delay_r50_rep3,,,
1774319308218,telemetry,live,1955,1774319273012890600,35205.109375,4,1,delay_r50_rep3,,,
1774319308317,telemetry,live,1958,1774319273033236700,35283.76318359375,3,1,delay_r50_rep3,,,
1774319308415,telemetry,live,1963,1774319273053308700,35361.69140625,5,1,delay_r50_rep3,,,
1774319308514,telemetry,live,1967,1774319273073017300,35439.982666015625,4,1,delay_r50_rep3,,,
1774319308612,telemetry,live,1971,1774319273092989000,35519.010986328125,4,1,delay_r50_rep3,,,
1774319308711,telemetry,live,1976,1774319273112856000,35598.14404296875,5,1,delay_r50_rep3,,,
1774319308809,telemetry,live,1980,1774319273133304600,35675.6953125,4,1,delay_r50_rep3,,,
1774319308908,telemetry,live,1982,1774319273153207600,35754.79248046875,2,1,delay_r50_rep3,,,
1774319309005,telemetry,live,1986,1774319273172937700,35832.062255859375,4,1,delay_r50_rep3,,,
1774319309104,telemetry,live,1990,1774319273193043500,35910.95654296875,4,1,delay_r50_rep3,,,
1774319309203,telemetry,live,1996,1774319273213132500,35989.867431640625,6,1,delay_r50_rep3,,,
1774319309302,telemetry,live,1998,1774319273233457700,36068.542236328125,2,1,delay_r50_rep3,,,
1774319309400,telemetry,live,2002,1774319273253295400,36146.70458984375,4,1,delay_r50_rep3,,,
1774319309498,telemetry,live,2008,1774319273273089000,36224.910888671875,6,1,delay_r50_rep3,,,
1774319309597,telemetry,live,2012,1774319273293178600,36303.8212890625,4,1,delay_r50_rep3,,,
1774319309700,telemetry,live,2014,1774319273313109800,36386.89013671875,2,1,delay_r50_rep3,,,
1774319309800,telemetry,live,2018,1774319273333332200,36466.667724609375,4,1,delay_r50_rep3,,,
1774319309898,telemetry,live,2023,1774319273353234200,36544.765869140625,5,1,delay_r50_rep3,,,
1774319309997,telemetry,live,2027,1774319273372920600,36624.079345703125,4,1,delay_r50_rep3,,,
1774319310096,telemetry,live,2028,1774319273392931600,36703.068359375,1,1,delay_r50_rep3,,,
1774319310195,telemetry,live,2035,1774319273412999000,36782.0009765625,7,1,delay_r50_rep3,,,
1774319310294,telemetry,live,2040,1774319273433186000,36860.81396484375,5,1,delay_r50_rep3,,,
1774319310392,telemetry,live,2044,1774319273453033700,36938.96630859375,4,1,delay_r50_rep3,,,
1774319310491,telemetry,live,2046,1774319273472801300,37018.19873046875,2,1,delay_r50_rep3,,,
1774319310589,telemetry,live,2050,1774319273492918000,37096.08203125,4,1,delay_r50_rep3,,,
1774319310688,telemetry,live,2056,1774319273513051000,37174.94921875,6,1,delay_r50_rep3,,,
1774319310788,telemetry,live,2058,1774319273533105000,37254.89501953125,2,1,delay_r50_rep3,,,
1774319310888,telemetry,live,2064,1774319273552751400,37335.24853515625,6,1,delay_r50_rep3,,,
1774319310986,telemetry,live,2067,1774319273573222000,37412.778076171875,3,1,delay_r50_rep3,,,
1774319311086,telemetry,live,2072,1774319273592949800,37493.05029296875,5,1,delay_r50_rep3,,,
1774319311186,telemetry,live,2076,1774319273613110800,37572.88916015625,4,1,delay_r50_rep3,,,
1774319311285,telemetry,live,2078,1774319273633219600,37651.780517578125,2,1,delay_r50_rep3,,,
1774319311385,telemetry,live,2083,1774319273653327400,37731.672607421875,5,1,delay_r50_rep3,,,
1774319311484,telemetry,live,2088,1774319273673025800,37810.97412109375,5,1,delay_r50_rep3,,,
1774319311584,telemetry,live,2088,1774319273692765200,37891.23486328125,0,1,delay_r50_rep3,,,
1774319311683,telemetry,live,2095,1774319273712839700,37970.160400390625,7,1,delay_r50_rep3,,,
1774319311783,telemetry,live,2100,1774319273732982300,38050.017822265625,5,1,delay_r50_rep3,,,
1774319311882,telemetry,live,2104,1774319273753096000,38128.904052734375,4,1,delay_r50_rep3,,,
1774319311982,telemetry,live,2106,1774319273773026300,38208.9736328125,2,1,delay_r50_rep3,,,
1774319312081,telemetry,live,2110,1774319273792901000,38288.098876953125,4,1,delay_r50_rep3,,,
1774319312181,telemetry,live,2115,1774319273813136000,38367.864013671875,5,1,delay_r50_rep3,,,
1774319312281,telemetry,live,2119,1774319273833081900,38447.918212890625,4,1,delay_r50_rep3,,,
1774319312379,telemetry,live,2122,1774319273853185800,38525.814208984375,3,1,delay_r50_rep3,,,
1774319312478,telemetry,live,2125,1774319273872811800,38605.188232421875,3,1,delay_r50_rep3,,,
1774319312578,telemetry,live,2132,1774319273892923100,38685.076904296875,7,1,delay_r50_rep3,,,
1774319312678,telemetry,live,2133,1774319273912929500,38765.070556640625,1,1,delay_r50_rep3,,,
1774319312777,telemetry,live,2140,1774319273932940300,38844.059814453125,7,1,delay_r50_rep3,,,
1774319312877,telemetry,live,2144,1774319273953129500,38923.87060546875,4,1,delay_r50_rep3,,,
1774319312975,telemetry,live,2144,1774319273973293300,39001.706787109375,0,1,delay_r50_rep3,,,
1774319313074,telemetry,live,2149,1774319273993092400,39080.90771484375,5,1,delay_r50_rep3,,,
1774319313173,telemetry,live,2156,1774319274012965400,39160.03466796875,7,1,delay_r50_rep3,,,
1774319313272,telemetry,live,2157,1774319274033110300,39238.8896484375,1,1,delay_r50_rep3,,,
1774319313370,telemetry,live,2163,1774319274053226200,39316.773681640625,6,1,delay_r50_rep3,,,
1774319313469,telemetry,live,2167,1774319274073160200,39395.83984375,4,1,delay_r50_rep3,,,
1774319313568,telemetry,live,2171,1774319274092909300,39475.090576171875,4,1,delay_r50_rep3,,,
1774319313667,telemetry,live,2174,1774319274113048800,39553.951171875,3,1,delay_r50_rep3,,,
1774319313765,telemetry,live,2178,1774319274132925700,39632.07421875,4,1,delay_r50_rep3,,,
1774319313865,telemetry,live,2181,1774319274153346800,39711.653076171875,3,1,delay_r50_rep3,,,
1774319313964,telemetry,live,2188,1774319274173297400,39789.70263671875,7,1,delay_r50_rep3,,,
1774319314063,telemetry,live,2191,1774319274193026000,39869.973876953125,3,1,delay_r50_rep3,,,
1774319314163,telemetry,live,2194,1774319274212890000,39950.10986328125,3,1,delay_r50_rep3,,,
1774319314262,telemetry,live,2197,1774319274233132000,40028.867919921875,3,1,delay_r50_rep3,,,
1774319314360,telemetry,live,2201,1774319274253121500,40106.87841796875,4,1,delay_r50_rep3,,,
1774319314458,telemetry,live,2208,1774319274273049300,40184.95068359375,7,1,delay_r50_rep3,,,
1774319314557,telemetry,live,2210,1774319274292975400,40264.024658203125,2,1,delay_r50_rep3,,,
1774319314656,telemetry,live,2214,1774319274313040000,40342.960205078125,4,1,delay_r50_rep3,,,
1774319314755,telemetry,live,2218,1774319274333078500,40421.92138671875,4,1,delay_r50_rep3,,,
1774319314853,telemetry,live,2224,1774319274353311500,40499.6884765625,6,1,delay_r50_rep3,,,
1774319314952,telemetry,live,2228,1774319274373143800,40578.856201171875,4,1,delay_r50_rep3,,,
1774319315050,telemetry,live,2232,1774319274392891000,40657.109130859375,4,1,delay_r50_rep3,,,
1774319315149,telemetry,live,2236,1774319274413038600,40735.96142578125,4,1,delay_r50_rep3,,,
1774319315247,telemetry,live,2238,1774319274433087700,40813.912353515625,2,1,delay_r50_rep3,,,
1774319315346,telemetry,live,2243,1774319273809448000,41536.552001953125,5,1,delay_r50_rep3,,,
1774319315445,telemetry,live,2247,1774319273829992200,41615.0078125,4,1,delay_r50_rep3,,,
1774319315543,telemetry,live,2248,1774319273849773800,41693.22607421875,1,1,delay_r50_rep3,,,
1774319315642,telemetry,live,2253,1774319273869973200,41772.02685546875,5,1,delay_r50_rep3,,,
1774319315741,telemetry,live,2260,1774319273890012000,41850.988037109375,7,1,delay_r50_rep3,,,
1774319315839,telemetry,live,2262,1774319273909919500,41929.08056640625,2,1,delay_r50_rep3,,,
1774319315938,telemetry,live,2268,1774319273930064600,42007.935302734375,6,1,delay_r50_rep3,,,
1774319316037,telemetry,live,2271,1774319273949666800,42087.333251953125,3,1,delay_r50_rep3,,,
1774319316136,telemetry,live,2272,1774319273969987300,42165.0126953125,1,1,delay_r50_rep3,,,
1774319316234,telemetry,live,2280,1774319273990121000,42243.879150390625,8,1,delay_r50_rep3,,,
1774319316333,telemetry,live,2284,1774319274010314200,42322.685791015625,4,1,delay_r50_rep3,,,
1774319316432,telemetry,live,2288,1774319274030144000,42401.85595703125,4,1,delay_r50_rep3,,,
1774319316531,telemetry,live,2292,1774319274049877500,42481.12255859375,4,1,delay_r50_rep3,,,
1774319316630,telemetry,live,2292,1774319274070107100,42559.892822265625,0,1,delay_r50_rep3,,,
1774319316730,telemetry,live,2300,1774319274089966000,42640.033935546875,8,1,delay_r50_rep3,,,
1774319316828,telemetry,live,2301,1774319274110246700,42717.75341796875,1,1,delay_r50_rep3,,,
1774319316928,telemetry,live,2307,1774319274130061000,42797.93896484375,6,1,delay_r50_rep3,,,
1774319317027,telemetry,live,2312,1774319274149909500,42877.090576171875,5,1,delay_r50_rep3,,,
1774319317127,telemetry,live,2316,1774319274170068500,42956.931640625,4,1,delay_r50_rep3,,,
1774319317226,telemetry,live,2320,1774319274189915400,43036.084716796875,4,1,delay_r50_rep3,,,
1774319317326,telemetry,live,2324,1774319274210005800,43115.994140625,4,1,delay_r50_rep3,,,
1774319317425,telemetry,live,2328,1774319274230280000,43194.719970703125,4,1,delay_r50_rep3,,,
1774319317525,telemetry,live,2332,1774319274249923300,43275.07666015625,4,1,delay_r50_rep3,,,
1774319317624,telemetry,live,2332,1774319274269824300,43354.17578125,0,1,delay_r50_rep3,,,
1774319317724,telemetry,live,2338,1774319274290105600,43433.894287109375,6,1,delay_r50_rep3,,,
1774319317822,telemetry,live,2343,1774319274309843700,43512.15625,5,1,delay_r50_rep3,,,
1774319317922,telemetry,live,2346,1774319274329909200,43592.0908203125,3,1,delay_r50_rep3,,,
1774319318022,telemetry,live,2348,1774319274349932000,43672.06787109375,2,1,delay_r50_rep3,,,
1774319318121,telemetry,live,2355,1774319274369764900,43751.235107421875,7,1,delay_r50_rep3,,,
1774319318221,telemetry,live,2359,1774319274389967600,43831.032470703125,4,1,delay_r50_rep3,,,
1774319318320,telemetry,live,2363,1774319274410196200,43909.8037109375,4,1,delay_r50_rep3,,,
1774319318419,telemetry,live,2367,1774319274430240300,43988.759765625,4,1,delay_r50_rep3,,,
1774319318518,telemetry,live,2372,1774319274449759700,44068.240234375,5,1,delay_r50_rep3,,,
1774319318618,telemetry,live,2375,1774319274469880300,44148.11962890625,3,1,delay_r50_rep3,,,
1774319318718,telemetry,live,2378,1774319274490048000,44227.951904296875,3,1,delay_r50_rep3,,,
1774319318817,telemetry,live,2384,1774319274510200000,44305.800048828125,6,1,delay_r50_rep3,,,
1774319318916,telemetry,live,2388,1774319274530244000,44385.755859375,4,1,delay_r50_rep3,,,
1774319319016,telemetry,live,2392,1774319274550160100,44465.83984375,4,1,delay_r50_rep3,,,
1774319319116,telemetry,live,2395,1774319274569915400,44546.084716796875,3,1,delay_r50_rep3,,,
1774319319214,telemetry,live,2398,1774319274590046700,44623.953369140625,3,1,delay_r50_rep3,,,
1774319319313,telemetry,live,2403,1774319274610089700,44702.91015625,5,1,delay_r50_rep3,,,
1774319319413,telemetry,live,2408,1774319274630315000,44782.68505859375,5,1,delay_r50_rep3,,,
1774319319512,telemetry,live,2410,1774319274649961200,44862.038818359375,2,1,delay_r50_rep3,,,
1774319319611,telemetry,live,2414,1774319274669974000,44941.02587890625,4,1,delay_r50_rep3,,,
1774319319709,telemetry,live,2416,1774319274689782500,45019.217529296875,2,1,delay_r50_rep3,,,
1774319319808,telemetry,live,2424,1774319274709877000,45098.123046875,8,1,delay_r50_rep3,,,
1774319319906,telemetry,live,2428,1774319274729988900,45176.01123046875,4,1,delay_r50_rep3,,,
1774319320005,telemetry,live,2432,1774319274749713000,45255.287109375,4,1,delay_r50_rep3,,,
1774319320104,telemetry,live,2434,1774319274769863000,45334.13720703125,2,1,delay_r50_rep3,,,
1774319320202,telemetry,live,2436,1774319274789934300,45412.065673828125,2,1,delay_r50_rep3,,,
1774319320301,telemetry,live,2443,1774319274810004500,45490.99560546875,7,1,delay_r50_rep3,,,
1774319320400,telemetry,live,2446,1774319274830112000,45569.887939453125,3,1,delay_r50_rep3,,,
1774319320498,telemetry,live,2451,1774319274849880600,45648.119384765625,5,1,delay_r50_rep3,,,
1774319320596,telemetry,live,2455,1774319274869877800,45726.122314453125,4,1,delay_r50_rep3,,,
1774319320695,telemetry,live,2460,1774319274889939500,45805.060546875,5,1,delay_r50_rep3,,,
1774319320794,telemetry,live,2462,1774319274910069800,45883.93017578125,2,1,delay_r50_rep3,,,
1774319320893,telemetry,live,2467,1774319274930137600,45962.8623046875,5,1,delay_r50_rep3,,,
1774319320991,telemetry,live,2470,1774319274949910500,46041.08935546875,3,1,delay_r50_rep3,,,
1774319321090,telemetry,live,2476,1774319274969896400,46120.103515625,6,1,delay_r50_rep3,,,
1774319321189,telemetry,live,2477,1774319274989862400,46199.1376953125,1,1,delay_r50_rep3,,,
1774319321288,telemetry,live,2482,1774319275010134800,46277.865234375,5,1,delay_r50_rep3,,,
1774319321386,telemetry,live,2488,1774319275030210600,46355.78955078125,6,1,delay_r50_rep3,,,
1774319321485,telemetry,live,2490,1774319275050188500,46434.8115234375,2,1,delay_r50_rep3,,,
1774319321584,telemetry,live,2495,1774319275070012200,46513.98779296875,5,1,delay_r50_rep3,,,
1774319321682,telemetry,live,2500,1774319275089870600,46592.12939453125,5,1,delay_r50_rep3,,,
1774319321782,telemetry,live,2503,1774319275109970200,46672.02978515625,3,1,delay_r50_rep3,,,
1774319321882,telemetry,live,2507,1774319275130259000,46751.740966796875,4,1,delay_r50_rep3,,,
1774319321981,telemetry,live,2511,1774319275149821200,46831.1787109375,4,1,delay_r50_rep3,,,
1774319322080,telemetry,live,2513,1774319275170118400,46909.881591796875,2,1,delay_r50_rep3,,,
1774319322180,telemetry,live,2518,1774319275190052000,46989.947998046875,5,1,delay_r50_rep3,,,
1774319322279,telemetry,live,2524,1774319275210362400,47068.6376953125,6,1,delay_r50_rep3,,,
1774319322378,telemetry,live,2528,1774319275230021400,47147.978515625,4,1,delay_r50_rep3,,,
1774319322478,telemetry,live,2531,1774319275249960700,47228.039306640625,3,1,delay_r50_rep3,,,
1774319322578,telemetry,live,2535,1774319275269692200,47308.307861328125,4,1,delay_r50_rep3,,,
1774319322677,telemetry,live,2536,1774319275289854000,47387.14599609375,1,1,delay_r50_rep3,,,
1774319322777,telemetry,live,2540,1774319275309996300,47467.003662109375,4,1,delay_r50_rep3,,,
1774319322876,telemetry,live,2548,1774319275330007300,47545.99267578125,8,1,delay_r50_rep3,,,
1774319322976,telemetry,live,2551,1774319275349736400,47626.263671875,3,1,delay_r50_rep3,,,
1774319323076,telemetry,live,2554,1774319275369775400,47706.224609375,3,1,delay_r50_rep3,,,
1774319323174,telemetry,live,2560,1774319275389848600,47784.1513671875,6,1,delay_r50_rep3,,,
1774319323274,telemetry,live,2561,1774319275409800200,47864.19970703125,1,1,delay_r50_rep3,,,
1774319323374,telemetry,live,2566,1774319275429868500,47944.13134765625,5,1,delay_r50_rep3,,,
1774319323474,telemetry,live,2572,1774319275450140000,48023.860107421875,6,1,delay_r50_rep3,,,
1774319323573,telemetry,live,2576,1774319275469845500,48103.154541015625,4,1,delay_r50_rep3,,,
1774319323672,telemetry,live,2580,1774319275490035000,48181.965087890625,4,1,delay_r50_rep3,,,
1774319323771,telemetry,live,2580,1774319275509979600,48261.020263671875,0,1,delay_r50_rep3,,,
1774319323870,telemetry,live,2588,1774319275530165500,48339.83447265625,8,1,delay_r50_rep3,,,
1774319323969,telemetry,live,2590,1774319275550348800,48418.651123046875,2,1,delay_r50_rep3,,,
1774319324068,telemetry,live,2596,1774319275569745000,48498.255126953125,6,1,delay_r50_rep3,,,
1774319324166,telemetry,live,2598,1774319275589741300,48576.2587890625,2,1,delay_r50_rep3,,,
1774319324264,telemetry,live,2601,1774319275609728800,48654.271240234375,3,1,delay_r50_rep3,,,
1774319324363,telemetry,live,2607,1774319275629631200,48733.36865234375,6,1,delay_r50_rep3,,,
1774319324462,telemetry,live,2612,1774319275650154800,48811.84521484375,5,1,delay_r50_rep3,,,
1774319324565,telemetry,live,2616,1774319275669777400,48895.22265625,4,1,delay_r50_rep3,,,
1774319324664,telemetry,live,2619,1774319275689989400,48974.0107421875,3,1,delay_r50_rep3,,,
1774319324762,telemetry,live,2624,1774319275710158000,49051.842041015625,5,1,delay_r50_rep3,,,
1774319324860,telemetry,live,2625,1774319275729829400,49130.170654296875,1,1,delay_r50_rep3,,,
1774319324959,telemetry,live,2628,1774319275750013700,49208.986328125,3,1,delay_r50_rep3,,,
1774319325058,telemetry,live,2634,1774319275769745700,49288.25439453125,6,1,delay_r50_rep3,,,
1774319325156,telemetry,live,2640,1774319275789909800,49366.09033203125,6,1,delay_r50_rep3,,,
1774319325254,telemetry,live,2644,1774319275810036200,49443.9638671875,4,1,delay_r50_rep3,,,
1774319325353,telemetry,live,2648,1774319275830034400,49522.965576171875,4,1,delay_r50_rep3,,,
1774319325451,telemetry,live,2649,1774319275849887000,49601.113037109375,1,1,delay_r50_rep3,,,
1774319325550,telemetry,live,2655,1774319275869836800,49680.1630859375,6,1,delay_r50_rep3,,,
1774319325648,telemetry,live,2660,1774319275889706500,49758.29345703125,5,1,delay_r50_rep3,,,
1774319325747,telemetry,live,2664,1774319275909800000,49837.199951171875,4,1,delay_r50_rep3,,,
1774319325845,telemetry,live,2668,1774319275930113500,49914.886474609375,4,1,delay_r50_rep3,,,
1774319325943,telemetry,live,2670,1774319275949929700,49993.0703125,2,1,delay_r50_rep3,,,
1774319326042,telemetry,live,2676,1774319275970333000,50071.6669921875,6,1,delay_r50_rep3,,,
1774319326140,telemetry,live,2677,1774319275989895400,50150.1044921875,1,1,delay_r50_rep3,,,
1774319326239,telemetry,live,2683,1774319276009942000,50229.05810546875,6,1,delay_r50_rep3,,,
1774319326338,telemetry,live,2687,1774319276030504200,50307.495849609375,4,1,delay_r50_rep3,,,
1774319326436,telemetry,live,2691,1774319276050109700,50385.890380859375,4,1,delay_r50_rep3,,,
1774319326535,telemetry,live,2696,1774319276070122000,50464.8779296875,5,1,delay_r50_rep3,,,
1774319326634,telemetry,live,2697,1774319276089934000,50543.06591796875,1,1,delay_r50_rep3,,,
1774319326732,telemetry,live,2703,1774319276110451500,50621.548583984375,6,1,delay_r50_rep3,,,
1774319326831,telemetry,live,2706,1774319276129959000,50701.041015625,3,1,delay_r50_rep3,,,
1774319326930,telemetry,live,2709,1774319276149974500,50780.025390625,3,1,delay_r50_rep3,,,
1774319327028,telemetry,live,2713,1774319276169872000,50858.128173828125,4,1,delay_r50_rep3,,,
1774319327127,telemetry,live,2716,1774319276189795000,50937.204833984375,3,1,delay_r50_rep3,,,
1774319327226,telemetry,live,2722,1774319276209856300,51016.143798828125,6,1,delay_r50_rep3,,,
1774319327325,telemetry,live,2728,1774319276230191000,51094.808837890625,6,1,delay_r50_rep3,,,
1774319327423,telemetry,live,2732,1774319276250084000,51172.916015625,4,1,delay_r50_rep3,,,
1774319327522,telemetry,live,2735,1774319276269765000,51252.23486328125,3,1,delay_r50_rep3,,,
1774319327621,telemetry,live,2736,1774319276289945600,51331.054443359375,1,1,delay_r50_rep3,,,
1774319327720,telemetry,live,2743,1774319276310024000,51409.97607421875,7,1,delay_r50_rep3,,,
1774319327820,telemetry,live,2748,1774319276329877000,51490.123046875,5,1,delay_r50_rep3,,,
1774319327920,telemetry,live,2750,1774319276349986300,51570.013671875,2,1,delay_r50_rep3,,,
1774319328019,telemetry,live,2755,1774319276369732900,51649.26708984375,5,1,delay_r50_rep3,,,
1774319328118,telemetry,live,2760,1774319276390082000,51727.91796875,5,1,delay_r50_rep3,,,
1774319328216,telemetry,live,2762,1774319276409806000,51806.19384765625,2,1,delay_r50_rep3,,,
1774319328314,telemetry,live,2767,1774319276430084600,51883.915283203125,5,1,delay_r50_rep3,,,
1774319328413,telemetry,live,2771,1774319276449968600,51963.03125,4,1,delay_r50_rep3,,,
1774319328512,telemetry,live,2775,1774319276469702100,52042.2978515625,4,1,delay_r50_rep3,,,
1774319328610,telemetry,live,2778,1774319276489920800,52120.079345703125,3,1,delay_r50_rep3,,,
1774319328709,telemetry,live,2784,1774319276510155000,52198.844970703125,6,1,delay_r50_rep3,,,
1774319328807,telemetry,live,2787,1774319276530141200,52276.85888671875,3,1,delay_r50_rep3,,,
1774319328906,telemetry,live,2790,1774319276550189300,52355.810791015625,3,1,delay_r50_rep3,,,
1774319329004,telemetry,live,2795,1774319276569768000,52434.232177734375,5,1,delay_r50_rep3,,,
1774319329103,telemetry,live,2799,1774319276589809400,52513.190673828125,4,1,delay_r50_rep3,,,
1774319329202,telemetry,live,2804,1774319276610031900,52591.968017578125,5,1,delay_r50_rep3,,,
1774319329300,telemetry,live,2808,1774319276629929000,52670.071044921875,4,1,delay_r50_rep3,,,
1774319329399,telemetry,live,2812,1774319276650074000,52748.92578125,4,1,delay_r50_rep3,,,
1774319329499,telemetry,live,2814,1774319276669802800,52829.197265625,2,1,delay_r50_rep3,,,
1774319329579,ws_close,,,,,,3,delay_r50_rep3,,,
1774319330091,ws_reconnect_attempt,,,,,,0,delay_r50_rep3,,,ws://localhost:8080/
1774319330409,ws_open,,,,,,1,delay_r50_rep3,,,
1774319330409,history_request,,,,,,1,delay_r50_rep3,150,,
1774319330452,telemetry,replay,2414,1774319274669974000,,,1,delay_r50_rep3,,,
1774319330452,telemetry,replay,2416,1774319274689782500,,,1,delay_r50_rep3,,,
1774319330452,telemetry,replay,2424,1774319274709877000,,,1,delay_r50_rep3,,,
1774319330452,telemetry,replay,2428,1774319274729988900,,,1,delay_r50_rep3,,,
1774319330452,telemetry,replay,2432,1774319274749713000,,,1,delay_r50_rep3,,,
1774319330452,telemetry,replay,2434,1774319274769863000,,,1,delay_r50_rep3,,,
1774319330452,telemetry,replay,2436,1774319274789934300,,,1,delay_r50_rep3,,,
1774319330452,telemetry,replay,2443,1774319274810004500,,,1,delay_r50_rep3,,,
1774319330452,telemetry,replay,2446,1774319274830112000,,,1,delay_r50_rep3,,,
1774319330452,telemetry,replay,2451,1774319274849880600,,,1,delay_r50_rep3,,,
1774319330452,telemetry,replay,2455,1774319274869877800,,,1,delay_r50_rep3,,,
1774319330452,telemetry,replay,2460,1774319274889939500,,,1,delay_r50_rep3,,,
1774319330452,telemetry,replay,2462,1774319274910069800,,,1,delay_r50_rep3,,,
1774319330452,telemetry,replay,2467,1774319274930137600,,,1,delay_r50_rep3,,,
1774319330452,telemetry,replay,2470,1774319274949910500,,,1,delay_r50_rep3,,,
1774319330452,telemetry,replay,2476,1774319274969896400,,,1,delay_r50_rep3,,,
1774319330452,telemetry,replay,2477,1774319274989862400,,,1,delay_r50_rep3,,,
1774319330452,telemetry,replay,2482,1774319275010134800,,,1,delay_r50_rep3,,,
1774319330452,telemetry,replay,2488,1774319275030210600,,,1,delay_r50_rep3,,,
1774319330452,telemetry,replay,2490,1774319275050188500,,,1,delay_r50_rep3,,,
1774319330452,telemetry,replay,2495,1774319275070012200,,,1,delay_r50_rep3,,,
1774319330452,telemetry,replay,2500,1774319275089870600,,,1,delay_r50_rep3,,,
1774319330452,telemetry,replay,2503,1774319275109970200,,,1,delay_r50_rep3,,,
1774319330452,telemetry,replay,2507,1774319275130259000,,,1,delay_r50_rep3,,,
1774319330452,telemetry,replay,2511,1774319275149821200,,,1,delay_r50_rep3,,,
1774319330452,telemetry,replay,2513,1774319275170118400,,,1,delay_r50_rep3,,,
1774319330452,telemetry,replay,2518,1774319275190052000,,,1,delay_r50_rep3,,,
1774319330452,telemetry,replay,2524,1774319275210362400,,,1,delay_r50_rep3,,,
1774319330452,telemetry,replay,2528,1774319275230021400,,,1,delay_r50_rep3,,,
1774319330452,telemetry,replay,2531,1774319275249960700,,,1,delay_r50_rep3,,,
1774319330452,telemetry,replay,2535,1774319275269692200,,,1,delay_r50_rep3,,,
1774319330452,telemetry,replay,2536,1774319275289854000,,,1,delay_r50_rep3,,,
1774319330452,telemetry,replay,2540,1774319275309996300,,,1,delay_r50_rep3,,,
1774319330452,telemetry,replay,2548,1774319275330007300,,,1,delay_r50_rep3,,,
1774319330452,telemetry,replay,2551,1774319275349736400,,,1,delay_r50_rep3,,,
1774319330452,telemetry,replay,2554,1774319275369775400,,,1,delay_r50_rep3,,,
1774319330452,telemetry,replay,2560,1774319275389848600,,,1,delay_r50_rep3,,,
1774319330452,telemetry,replay,2561,1774319275409800200,,,1,delay_r50_rep3,,,
1774319330452,telemetry,replay,2566,1774319275429868500,,,1,delay_r50_rep3,,,
1774319330452,telemetry,replay,2572,1774319275450140000,,,1,delay_r50_rep3,,,
1774319330452,telemetry,replay,2576,1774319275469845500,,,1,delay_r50_rep3,,,
1774319330452,telemetry,replay,2580,1774319275490035000,,,1,delay_r50_rep3,,,
1774319330452,telemetry,replay,2580,1774319275509979600,,,1,delay_r50_rep3,,,
1774319330452,telemetry,replay,2588,1774319275530165500,,,1,delay_r50_rep3,,,
1774319330452,telemetry,replay,2590,1774319275550348800,,,1,delay_r50_rep3,,,
1774319330452,telemetry,replay,2596,1774319275569745000,,,1,delay_r50_rep3,,,
1774319330452,telemetry,replay,2598,1774319275589741300,,,1,delay_r50_rep3,,,
1774319330452,telemetry,replay,2601,1774319275609728800,,,1,delay_r50_rep3,,,
1774319330452,telemetry,replay,2607,1774319275629631200,,,1,delay_r50_rep3,,,
1774319330452,telemetry,replay,2612,1774319275650154800,,,1,delay_r50_rep3,,,
1774319330452,telemetry,replay,2616,1774319275669777400,,,1,delay_r50_rep3,,,
1774319330452,telemetry,replay,2619,1774319275689989400,,,1,delay_r50_rep3,,,
1774319330452,telemetry,replay,2624,1774319275710158000,,,1,delay_r50_rep3,,,
1774319330452,telemetry,replay,2625,1774319275729829400,,,1,delay_r50_rep3,,,
1774319330452,telemetry,replay,2628,1774319275750013700,,,1,delay_r50_rep3,,,
1774319330452,telemetry,replay,2634,1774319275769745700,,,1,delay_r50_rep3,,,
1774319330452,telemetry,replay,2640,1774319275789909800,,,1,delay_r50_rep3,,,
1774319330452,telemetry,replay,2644,1774319275810036200,,,1,delay_r50_rep3,,,
1774319330452,telemetry,replay,2648,1774319275830034400,,,1,delay_r50_rep3,,,
1774319330452,telemetry,replay,2649,1774319275849887000,,,1,delay_r50_rep3,,,
1774319330452,telemetry,replay,2655,1774319275869836800,,,1,delay_r50_rep3,,,
1774319330452,telemetry,replay,2660,1774319275889706500,,,1,delay_r50_rep3,,,
1774319330452,telemetry,replay,2664,1774319275909800000,,,1,delay_r50_rep3,,,
1774319330452,telemetry,replay,2668,1774319275930113500,,,1,delay_r50_rep3,,,
1774319330452,telemetry,replay,2670,1774319275949929700,,,1,delay_r50_rep3,,,
1774319330452,telemetry,replay,2676,1774319275970333000,,,1,delay_r50_rep3,,,
1774319330452,telemetry,replay,2677,1774319275989895400,,,1,delay_r50_rep3,,,
1774319330452,telemetry,replay,2683,1774319276009942000,,,1,delay_r50_rep3,,,
1774319330452,telemetry,replay,2687,1774319276030504200,,,1,delay_r50_rep3,,,
1774319330452,telemetry,replay,2691,1774319276050109700,,,1,delay_r50_rep3,,,
1774319330452,telemetry,replay,2696,1774319276070122000,,,1,delay_r50_rep3,,,
1774319330452,telemetry,replay,2697,1774319276089934000,,,1,delay_r50_rep3,,,
1774319330452,telemetry,replay,2703,1774319276110451500,,,1,delay_r50_rep3,,,
1774319330452,telemetry,replay,2706,1774319276129959000,,,1,delay_r50_rep3,,,
1774319330452,telemetry,replay,2709,1774319276149974500,,,1,delay_r50_rep3,,,
1774319330452,telemetry,replay,2713,1774319276169872000,,,1,delay_r50_rep3,,,
1774319330452,telemetry,replay,2716,1774319276189795000,,,1,delay_r50_rep3,,,
1774319330452,telemetry,replay,2722,1774319276209856300,,,1,delay_r50_rep3,,,
1774319330452,telemetry,replay,2728,1774319276230191000,,,1,delay_r50_rep3,,,
1774319330452,telemetry,replay,2732,1774319276250084000,,,1,delay_r50_rep3,,,
1774319330452,telemetry,replay,2735,1774319276269765000,,,1,delay_r50_rep3,,,
1774319330452,telemetry,replay,2736,1774319276289945600,,,1,delay_r50_rep3,,,
1774319330452,telemetry,replay,2743,1774319276310024000,,,1,delay_r50_rep3,,,
1774319330452,telemetry,replay,2748,1774319276329877000,,,1,delay_r50_rep3,,,
1774319330452,telemetry,replay,2750,1774319276349986300,,,1,delay_r50_rep3,,,
1774319330452,telemetry,replay,2755,1774319276369732900,,,1,delay_r50_rep3,,,
1774319330452,telemetry,replay,2760,1774319276390082000,,,1,delay_r50_rep3,,,
1774319330452,telemetry,replay,2762,1774319276409806000,,,1,delay_r50_rep3,,,
1774319330452,telemetry,replay,2767,1774319276430084600,,,1,delay_r50_rep3,,,
1774319330452,telemetry,replay,2771,1774319276449968600,,,1,delay_r50_rep3,,,
1774319330452,telemetry,replay,2775,1774319276469702100,,,1,delay_r50_rep3,,,
1774319330452,telemetry,replay,2778,1774319276489920800,,,1,delay_r50_rep3,,,
1774319330452,telemetry,replay,2784,1774319276510155000,,,1,delay_r50_rep3,,,
1774319330452,telemetry,replay,2787,1774319276530141200,,,1,delay_r50_rep3,,,
1774319330452,telemetry,replay,2790,1774319276550189300,,,1,delay_r50_rep3,,,
1774319330452,telemetry,replay,2795,1774319276569768000,,,1,delay_r50_rep3,,,
1774319330452,telemetry,replay,2799,1774319276589809400,,,1,delay_r50_rep3,,,
1774319330452,telemetry,replay,2804,1774319276610031900,,,1,delay_r50_rep3,,,
1774319330452,telemetry,replay,2808,1774319276629929000,,,1,delay_r50_rep3,,,
1774319330452,telemetry,replay,2812,1774319276650074000,,,1,delay_r50_rep3,,,
1774319330452,telemetry,replay,2814,1774319276669802800,,,1,delay_r50_rep3,,,
1774319330452,telemetry,replay,2819,1774319276689915100,,,1,delay_r50_rep3,,,
1774319330452,telemetry,replay,2824,1774319276710025200,,,1,delay_r50_rep3,,,
1774319330452,telemetry,replay,2828,1774319276729982000,,,1,delay_r50_rep3,,,
1774319330452,telemetry,replay,2829,1774319276749995500,,,1,delay_r50_rep3,,,
1774319330452,telemetry,replay,2834,1774319276769744400,,,1,delay_r50_rep3,,,
1774319330452,telemetry,replay,2840,1774319276790069200,,,1,delay_r50_rep3,,,
1774319330452,telemetry,replay,2844,1774319276810055000,,,1,delay_r50_rep3,,,
1774319330452,telemetry,replay,2847,1774319276829981200,,,1,delay_r50_rep3,,,
1774319330452,telemetry,replay,2848,1774319276849841400,,,1,delay_r50_rep3,,,
1774319330452,telemetry,replay,2854,1774319276869753900,,,1,delay_r50_rep3,,,
1774319330452,telemetry,replay,2859,1774319276889914000,,,1,delay_r50_rep3,,,
1774319330452,telemetry,replay,2864,1774319276910068700,,,1,delay_r50_rep3,,,
1774319330452,telemetry,replay,2868,1774319276930223900,,,1,delay_r50_rep3,,,
1774319330452,telemetry,replay,2872,1774319276950232000,,,1,delay_r50_rep3,,,
1774319330452,telemetry,replay,2876,1774319276969667600,,,1,delay_r50_rep3,,,
1774319330452,telemetry,replay,2880,1774319276989790200,,,1,delay_r50_rep3,,,
1774319330452,telemetry,replay,2882,1774319277010004700,,,1,delay_r50_rep3,,,
1774319330452,telemetry,replay,2888,1774319277030174200,,,1,delay_r50_rep3,,,
1774319330452,telemetry,replay,2892,1774319277050231300,,,1,delay_r50_rep3,,,
1774319330452,telemetry,replay,2894,1774319277070183200,,,1,delay_r50_rep3,,,
1774319330452,telemetry,replay,2899,1774319277089816300,,,1,delay_r50_rep3,,,
1774319330452,telemetry,replay,2902,1774319277109722600,,,1,delay_r50_rep3,,,
1774319330452,telemetry,replay,2908,1774319277130020400,,,1,delay_r50_rep3,,,
1774319330452,telemetry,replay,2912,1774319277149879600,,,1,delay_r50_rep3,,,
1774319330452,telemetry,replay,2915,1774319277169885000,,,1,delay_r50_rep3,,,
1774319330452,telemetry,replay,2919,1774319277190474200,,,1,delay_r50_rep3,,,
1774319330452,telemetry,replay,2924,1774319277210067200,,,1,delay_r50_rep3,,,
1774319330452,telemetry,replay,2926,1774319277230072300,,,1,delay_r50_rep3,,,
1774319330452,telemetry,replay,2932,1774319277249954300,,,1,delay_r50_rep3,,,
1774319330452,telemetry,replay,2936,1774319277269664500,,,1,delay_r50_rep3,,,
1774319330452,telemetry,replay,2940,1774319277289878300,,,1,delay_r50_rep3,,,
1774319330452,telemetry,replay,2942,1774319277310003200,,,1,delay_r50_rep3,,,
1774319330452,telemetry,replay,2947,1774319277330097000,,,1,delay_r50_rep3,,,
1774319330452,telemetry,replay,2952,1774319277349879800,,,1,delay_r50_rep3,,,
1774319330452,telemetry,replay,2955,1774319277370139000,,,1,delay_r50_rep3,,,
1774319330452,telemetry,replay,2959,1774319277390822100,,,1,delay_r50_rep3,,,
1774319330452,telemetry,replay,2963,1774319277409941000,,,1,delay_r50_rep3,,,
1774319330452,telemetry,replay,2967,1774319277429986600,,,1,delay_r50_rep3,,,
1774319330452,telemetry,replay,2972,1774319277450777600,,,1,delay_r50_rep3,,,
1774319330452,telemetry,replay,2975,1774319277469700400,,,1,delay_r50_rep3,,,
1774319330452,telemetry,replay,2979,1774319277490777000,,,1,delay_r50_rep3,,,
1774319330452,telemetry,replay,2981,1774319277509768200,,,1,delay_r50_rep3,,,
1774319330452,telemetry,replay,2985,1774319277530269700,,,1,delay_r50_rep3,,,
1774319330452,telemetry,replay,2991,1774319277550354700,,,1,delay_r50_rep3,,,
1774319330452,telemetry,replay,2996,1774319277569984500,,,1,delay_r50_rep3,,,
1774319330452,telemetry,replay,2996,1774319277589944000,,,1,delay_r50_rep3,,,
1774319330452,telemetry,replay,3004,1774319277609864700,,,1,delay_r50_rep3,,,
1774319330452,telemetry,replay,3008,1774319277630061000,,,1,delay_r50_rep3,,,
1774319330452,telemetry,replay,3010,1774319277650135000,,,1,delay_r50_rep3,,,
1774319330452,history_batch_loaded,replay,,,,,1,delay_r50_rep3,150,150,
1774319330489,telemetry,live,2854,1774319276869753900,53619.24609375,40,1,delay_r50_rep3,,,
1774319330589,telemetry,live,2859,1774319276889914000,53699.0859375,5,1,delay_r50_rep3,,,
1774319330688,telemetry,live,2864,1774319276910068700,53777.93115234375,5,1,delay_r50_rep3,,,
1774319330789,telemetry,live,2868,1774319276930223900,53857.776123046875,4,1,delay_r50_rep3,,,
1774319330887,telemetry,live,2872,1774319276950232000,53936.767822265625,4,1,delay_r50_rep3,,,
1774319330987,telemetry,live,2876,1774319276969667600,54017.33251953125,4,1,delay_r50_rep3,,,
1774319331087,telemetry,live,2880,1774319276989790200,54097.209716796875,4,1,delay_r50_rep3,,,
1774319331186,telemetry,live,2882,1774319277010004700,54175.995361328125,2,1,delay_r50_rep3,,,
1774319331285,telemetry,live,2888,1774319277030174200,54254.82568359375,6,1,delay_r50_rep3,,,
1774319331384,telemetry,live,2892,1774319277050231300,54333.768798828125,4,1,delay_r50_rep3,,,
1774319331483,telemetry,live,2894,1774319277070183200,54412.81689453125,2,1,delay_r50_rep3,,,
1774319331583,telemetry,live,2899,1774319277089816300,54493.18359375,5,1,delay_r50_rep3,,,
1774319331683,telemetry,live,2902,1774319277109722600,54573.27734375,3,1,delay_r50_rep3,,,
1774319331782,telemetry,live,2908,1774319277130020400,54651.979736328125,6,1,delay_r50_rep3,,,
1774319331881,telemetry,live,2912,1774319277149879600,54731.120361328125,4,1,delay_r50_rep3,,,
1774319331980,telemetry,live,2915,1774319277169885000,54810.114990234375,3,1,delay_r50_rep3,,,
1774319332080,telemetry,live,2919,1774319277190474200,54889.52587890625,4,1,delay_r50_rep3,,,
1774319332179,telemetry,live,2924,1774319277210067200,54968.932861328125,5,1,delay_r50_rep3,,,
1774319332279,telemetry,live,2926,1774319277230072300,55048.927734375,2,1,delay_r50_rep3,,,
1774319332377,telemetry,live,2932,1774319277249954300,55127.045654296875,6,1,delay_r50_rep3,,,
1774319332477,telemetry,live,2936,1774319277269664500,55207.33544921875,4,1,delay_r50_rep3,,,
1774319332575,telemetry,live,2940,1774319277289878300,55285.121826171875,4,1,delay_r50_rep3,,,
1774319332674,telemetry,live,2942,1774319277310003200,55363.996826171875,2,1,delay_r50_rep3,,,
1774319332773,telemetry,live,2947,1774319277330097000,55442.903076171875,5,1,delay_r50_rep3,,,
1774319332872,telemetry,live,2952,1774319277349879800,55522.1201171875,5,1,delay_r50_rep3,,,
1774319332971,telemetry,live,2955,1774319277370139000,55600.861083984375,3,1,delay_r50_rep3,,,
1774319333071,telemetry,live,2959,1774319277390822100,55680.177734375,4,1,delay_r50_rep3,,,
1774319333170,telemetry,live,2963,1774319277409941000,55760.05908203125,4,1,delay_r50_rep3,,,
1774319333269,telemetry,live,2967,1774319277429986600,55839.013427734375,4,1,delay_r50_rep3,,,
1774319333368,telemetry,live,2972,1774319277450777600,55917.222412109375,5,1,delay_r50_rep3,,,
1774319333468,telemetry,live,2975,1774319277469700400,55998.299560546875,3,1,delay_r50_rep3,,,
1774319333568,telemetry,live,2979,1774319277490777000,56077.222900390625,4,1,delay_r50_rep3,,,
1774319333667,telemetry,live,2981,1774319277509768200,56157.231689453125,2,1,delay_r50_rep3,,,
1774319333767,telemetry,live,2985,1774319277530269700,56236.730224609375,4,1,delay_r50_rep3,,,
1774319333866,telemetry,live,2991,1774319277550354700,56314.645263671875,6,1,delay_r50_rep3,,,
1774319333874,ws_close,,,,,,-1,delay_r50_rep3,,,
